mission,mission_key,package_size,cost_scenario,lethality_Pkill,survivability_mean_return_rate,sorties_per_day_per_tail,required_fleet_30day_campaign,cca_unit_cost_musd,cost_per_mission_kill_musd,pct_of_fa18ef_flyaway,pct_of_f35c_flyaway,combat_radius_nm_threshold,combat_radius_nm_desired
Air-to-Air (Fighter Sweep),AtA,2,target_15M,0.68905,0.8088,3.4285714285714284,13.472000000000001,15.0,10.598418111893187,0.21428571428571427,0.13537906137184116,500,700
Air-to-Air (Fighter Sweep),AtA,2,threshold_30M,0.68905,0.8088,3.4285714285714284,13.472000000000001,30.0,18.922922864813874,0.42857142857142855,0.27075812274368233,500,700
Air-to-Air (Fighter Sweep),AtA,4,target_15M,0.90075,0.8118875,3.4285714285714284,26.573500000000003,15.0,16.011423813488758,0.21428571428571427,0.13537906137184116,500,700
Air-to-Air (Fighter Sweep),AtA,4,threshold_30M,0.90075,0.8118875,3.4285714285714284,26.573500000000003,30.0,28.541815154038296,0.42857142857142855,0.27075812274368233,500,700
Air-to-Air (Fighter Sweep),AtA,6,target_15M,0.96935,0.8110416666666667,3.4285714285714284,40.0125,15.0,22.369536287202763,0.21428571428571427,0.13537906137184116,500,700
Air-to-Air (Fighter Sweep),AtA,6,threshold_30M,0.96935,0.8110416666666667,3.4285714285714284,40.0125,30.0,39.91350905245784,0.42857142857142855,0.27075812274368233,500,700
Strike,Strike,2,target_15M,0.7277,0.803125,3.4285714285714284,13.812500000000002,15.0,8.38950803902707,0.21428571428571427,0.13537906137184116,500,700
Strike,Strike,2,threshold_30M,0.7277,0.803125,3.4285714285714284,13.812500000000002,30.0,16.50583344784939,0.42857142857142855,0.27075812274368233,500,700
Strike,Strike,4,target_15M,0.92705,0.8034375,3.4285714285714284,27.5875,15.0,13.15073890297179,0.21428571428571427,0.13537906137184116,500,700
Strike,Strike,4,threshold_30M,0.92705,0.8034375,3.4285714285714284,27.5875,30.0,25.872544630818183,0.42857142857142855,0.27075812274368233,500,700
Strike,Strike,6,target_15M,0.98015,0.8038,3.4285714285714284,41.31600000000001,15.0,18.62670509615875,0.21428571428571427,0.13537906137184116,500,700
Strike,Strike,6,threshold_30M,0.98015,0.8038,3.4285714285714284,41.31600000000001,30.0,36.6423149517931,0.42857142857142855,0.27075812274368233,500,700
